;
CREATE TABLE android_metadata (locale TEXT DEFAULT 'en_US');
INSERT INTO android_metadata VALUES ('ru_RU');
             
CREATE  TABLE IF NOT EXISTS MEASURESYSTEMS(
    CODE VARCHAR NOT NULL,
    DESCR TEXT,
    PRIMARY KEY(CODE)
);         
-- 5 +/- SELECT COUNT(*) FROM MEASURESYSTEMS;          
INSERT INTO MEASURESYSTEMS(CODE, DESCR)  VALUES
('METRIC', 'Метрическая'),
('ENGLISH', 'Английская'),
('OLD-RUS', 'Русская дореволюционная'),
('OLD-FRAN', 'Французская дореволюционная'),
('OLD-CHIN', 'Китайская дореволюцилнная');              


CREATE  TABLE IF NOT EXISTS MEASURESTYPES(
    CODE TEXT NOT NULL,
    DESCR TEXT,
    PRIMARY KEY(CODE)
);               
-- 5 +/- SELECT COUNT(*) FROM MEASURES;
INSERT INTO MEASURESTYPES(CODE, DESCR)  VALUES
('LENGTH', 'Длина'),
('VOLUME', 'Объем'),
('SQUARE', 'Площадь'),
('SPEED', 'Скорость'),
('WEIGHT', 'Вес');


CREATE  TABLE IF NOT EXISTS MEASURENAMES(
    SYSCODE TEXT NOT NULL,
    MEASURECODE TEXT NOT NULL,
    CODE TEXT NOT NULL,
    DESCR TEXT,
    ISINSYS INTEGER DEFAULT 1,
    ISBASE INTEGER DEFAULT 0,
    PRIMARY KEY(SYSCODE, MEASURECODE, CODE),
    FOREIGN KEY (syscode) REFERENCES MeasureSystems(code),
    FOREIGN KEY (measurecode) REFERENCES MeasuresTypes(code)
);      

-- 66 +/- SELECT COUNT(*) FROM MEASURENAMES;           
INSERT INTO MEASURENAMES(SYSCODE, MEASURECODE, CODE, DESCR, ISINSYS, ISBASE)  VALUES
('METRIC', 'LENGTH', 'METR', 'Метр', 1, 1),
('METRIC', 'LENGTH', 'KILOMETR', 'Километр', 1, 0),
('METRIC', 'LENGTH', 'SANTIMETR', 'Сантиметр', 1, 0),
('METRIC', 'LENGTH', 'MILLIMETR', 'Миллиметр', 1, 0),
('METRIC', 'VOLUME', 'LITRE', 'Литр', 1, 1),
('METRIC', 'VOLUME', 'QUBEMETR', 'Куб. метр', 1, 0),
('METRIC', 'VOLUME', 'QUBEKMETR', 'Куб. километр', 1, 0),
('METRIC', 'VOLUME', 'MILLILITRE', 'Миллилитр', 1, 0),
('METRIC', 'SQUARE', 'SQMETR', 'Кв. метр', 1, 1),
('METRIC', 'SQUARE', 'SQKMETR', 'Кв. километр', 1, 0),
('METRIC', 'SQUARE', 'ARR', 'Ар (сотка)', 1, 0),
('METRIC', 'SQUARE', 'GEKTARR', 'Гектар', 1, 0),
('METRIC', 'WEIGHT', 'GRAMM', 'Грам', 1, 0),
('METRIC', 'WEIGHT', 'KGRAMM', 'Килограм', 1, 1),
('METRIC', 'WEIGHT', 'MTONE', 'Тонна', 1, 0),
('ENGLISH', 'LENGTH', 'INCH', 'Inch', 1, 0),
('ENGLISH', 'LENGTH', 'FOOT', 'Foot', 1, 1),
('ENGLISH', 'LENGTH', 'FURLONG', 'Furlong', 1, 0),
('ENGLISH', 'LENGTH', 'YARD', 'Yard', 1, 0),
('ENGLISH', 'LENGTH', 'CABLE', 'Cable', 1, 0),
('ENGLISH', 'LENGTH', 'MILE', 'Mile', 1, 0),
('ENGLISH', 'LENGTH', 'LINE', 'LIne', 1, 0),
('ENGLISH', 'VOLUME', 'QAURT ', 'Quart', 1, 1),
('ENGLISH', 'VOLUME', 'PINT', 'PINT', 1, 0),
('ENGLISH', 'VOLUME', 'GILL', 'Gill', 1, 0),
('ENGLISH', 'VOLUME', 'GALLON', 'Gallon', 1, 0),
('ENGLISH', 'VOLUME', 'BARREL', 'BARREL', 1, 0),
('ENGLISH', 'VOLUME', 'FLOZ', 'Fl. Oz', 1, 0),
('ENGLISH', 'WEIGHT', 'POUND', 'Pound', 1, 1),
('ENGLISH', 'WEIGHT', 'Ounce', 'ounce', 1, 0),
('ENGLISH', 'WEIGHT', 'DRAM', 'dram', 1, 0),
('ENGLISH', 'WEIGHT', 'GRAIN', 'grain', 1, 0),
('ENGLISH', 'WEIGHT', 'STONE', 'Stone', 1, 0),
('ENGLISH', 'WEIGHT', 'TOD', 'tod', 1, 0),
('ENGLISH', 'WEIGHT', 'CENTAL', 'Cental', 1, 0),
('ENGLISH', 'WEIGHT', 'LTONE', 'Long Tone', 1, 0),
('OLD-RUS', 'LENGTH', 'DUIM', 'Дюйм', 1, 0),
('OLD-RUS', 'LENGTH', 'RLINE', 'Линия', 1, 0),
('OLD-RUS', 'LENGTH', 'TOCHKA', 'Точка', 1, 0),
('OLD-RUS', 'LENGTH', 'VERSHOK', 'Вершок', 1, 0),
('OLD-RUS', 'LENGTH', 'PIAD', 'Пядь', 1, 0),
('OLD-RUS', 'LENGTH', 'FUT', 'Фут',1 , 1),
('OLD-RUS', 'LENGTH', 'ARSHIN', 'Аршин', 1, 0),
('OLD-RUS', 'LENGTH', 'SAGEN', 'Сажень', 1, 0),
('OLD-RUS', 'LENGTH', 'KSAGEN', 'Косая сажень', 1, 0),
('OLD-RUS', 'LENGTH', 'CEP', 'Цепь', 1, 0),
('OLD-RUS', 'LENGTH', 'VERSTA', 'Верста', 1, 0),
('OLD-RUS', 'LENGTH', 'RMILE', 'Миля', 1, 0),
('OLD-RUS', 'VOLUME', 'SHKALIK', 'Шкалик', 1, 0),
('OLD-RUS', 'VOLUME', 'CHARKA', 'Чарка', 1, 0),           
('OLD-RUS', 'VOLUME', 'CHEKUSHKA', 'Чекушка', 1, 0),
('OLD-RUS', 'VOLUME', 'STAKAN', 'Стакан', 1, 0),
('OLD-RUS', 'VOLUME', 'KOSUHA', 'Косушка', 1, 0),
('OLD-RUS', 'VOLUME', 'BUTYL', 'Бутыль', 1, 0),
('OLD-RUS', 'VOLUME', 'SHTOF', 'Штоф', 1, 0),
('OLD-RUS', 'VOLUME', 'GARNEC', 'Гарнец', 1, 0),
('OLD-RUS', 'VOLUME', 'CHETVERT', 'Четверть', 1, 0),
('OLD-RUS', 'VOLUME', 'VEDRO', 'Ведро', 1, 1),
('OLD-RUS', 'VOLUME', 'KORCHAGA', 'Корчага', 1, 0),
('OLD-RUS', 'VOLUME', 'BOCHKA', 'Бочка', 1, 0),
('OLD-RUS', 'WEIGHT', 'DOLIA', 'Доля', 1, 0),
('OLD-RUS', 'WEIGHT', 'ZOLOTNIK', 'Золотник', 1, 0),
('OLD-RUS', 'WEIGHT', 'LOT', 'Лот', 1, 0),
('OLD-RUS', 'WEIGHT', 'FUNT', 'Фунт', 1, 1),
('OLD-RUS', 'WEIGHT', 'BERKOVEC', 'Берковец', 1, 0),
('OLD-RUS', 'WEIGHT', 'PUD', 'Пуд', 1, 0);          


CREATE  TABLE IF NOT EXISTS MEASUREKOEFF(
    CODEFROM TEXT NOT NULL,
    CODETO TEXT NOT NULL,
    KOEF REAL DEFAULT 1.0,
    PRIMARY KEY(CODEFROM, CODETO),
    FOREIGN KEY (codeFrom) REFERENCES MeasureNames(code), 
    FOREIGN KEY (codeTo) REFERENCES MeasureNames(code) 
);    
-- 84 +/- SELECT COUNT(*) FROM MEASUREKOEF;            
INSERT INTO MEASUREKOEFF(CODEFROM, CODETO, KOEF)  VALUES
('POUND', 'KGRAMM', 0.45359237),
('POUND', 'TOD', 0.0357142857142857),
('POUND', 'OUNCE', 16.000000),
('POUND', 'CENTAL', 0.0089285714285714),
('POUND', 'FUNT', 1.107640134950737),
('POUND', 'GRAIN', 7000.000000),
('POUND', 'STONE', 0.0714285714285714),
('POUND', 'LTONE', 0.000454),
('POUND', 'DRAM', 256.000000),
('QAURT', 'GILL', 8.000000),
('QAURT', 'QAURT', 1.000000),
('QAURT', 'LITRE', 1.1365),
('QAURT', 'VEDRO', 1.82218213814342),
('QAURT', 'PINT', 2.000000),
('QAURT', 'BARREL', 0.0069444444444444),
('QAURT', 'GALLON', 0.250000),
('QAURT', 'FLOZ', 40.000000),
('VEDRO', 'VEDRO', 1.000000),
('VEDRO', 'SHKALIK', 200.000000),
('VEDRO', 'CHARKA', 100.000000),
('VEDRO', 'BUTYL', 5.000000),
('VEDRO', 'GARNEC', 4.000000),
('VEDRO', 'CHETVERT', 4.000000),
('VEDRO', 'CHEKUSHKA', 50.000000),
('VEDRO', 'STAKAN', 48.000000),
('VEDRO', 'SHTOF', 10.000000),
('VEDRO', 'QAURT', 10.82218213814342),
('VEDRO', 'KOSUHA', 40.000000),
('VEDRO', 'LITRE', 12.2999410),
('VEDRO', 'KORCHAGA', 0.500000),
('VEDRO', 'BOCHKA', 0.025000),
('SQMETR', 'ARR', 0.010000),
('SQMETR', 'SQKMETR', 0.000001),
('SQMETR', 'SQMETR', 1.000000),
('SQMETR', 'GEKTARR', 0.0001),
('FUT', 'DUIM', 12.000000),
('FUT', 'INCH', 12.000000),
('FUT', 'FUT', 1.000000),
('FUT', 'METR', 0.3048),
('FUT', 'PIAD', 1.714285),
('FUT', 'RLINE', 120.0000),
('FUT', 'SAGEN', 0.1428571),
('FUT', 'ARSHIN', 0.4285714),
('SAGEN', 'ARSHIN', 3.000),
('SAGEN', 'FUT', 7.0000),
('FUT', 'KSAGEN', 0.25),
('FUT', 'TOCHKA', 1200),
('FUT', 'VERSHOK', 6.857143),
('FUT', 'CEP', 0.002857),
('FUT', 'RMILE', 0.000041),
('FUT', 'VERSTA', 0.000286),
('VERSTA', 'FUT', 3500.0000),
('FUNT', 'BERKOVEC', 0.0025),
('FUNT', 'DOLIA', 9216.00),
('FUNT', 'KGRAMM', 0.409512),
('FUNT', 'LOT', 32.0000),
('FUNT', 'PUD', 0.0250),
('FUNT', 'ZOLOTNIK', 4.2657),
('FUNT', 'POUND', 0.9028203009675846),
('FUNT', 'FUNT', 1.000000),
('KGRAMM', 'GRAMM', 1000.0000),
('KGRAMM', 'FUNT', 2.441928),
('KGRAMM', 'MTONE', 0.001),
('KGRAMM', 'POUND', 2.204627),
('KGRAMM', 'KGRAMM', 1.000000),
('METR', 'DUIM', 39.37007874015748),
('METR', 'INCH', 39.37007874015748),
('METR', 'METR', 1.000000),
('METR', 'KILOMETR', 0.001000),
('METR', 'MILLIMETR', 1000.000000),
('METR', 'SANTIMETR', 100.000000),
('FOOT', 'DUIM', 12.000000),
('FOOT', 'INCH', 12.000000),
('FOOT', 'CABLE', 7295.992126),
('FOOT', 'FOOT', 1.000000),
('FOOT', 'FURLONG', 0.004545),
('FOOT', 'LINE', 144.000),
('FOOT', 'POINT', 864.000),
('FOOT', 'METR', 0.3048),
('FOOT', 'MILE', 0.0001894),
('FOOT', 'YARD', 0.333333),
('YARD', 'FOOT', 3.00000),
('LITRE', 'MILLILITRE', 100.0000),
('LITRE', 'LITRE', 1.000000),
('LITRE', 'QAURT', 0.87989441),
('LITRE', 'QUBEKMETR', 0.001000),
('LITRE', 'VEDRO', 0.0813047);           